date,matchup,team,starter,strikeouts
2026-08-04,Los Angeles Angels @ Baltimore Orioles,Los Angeles Angels,Grayson Rodriguez,6
2026-08-04,Los Angeles Angels @ Baltimore Orioles,Baltimore Orioles,Cade Povich,7
2026-08-04,New York Mets @ Cleveland Guardians,New York Mets,Sean Manaea,7
2026-08-04,New York Mets @ Cleveland Guardians,Cleveland Guardians,Joey Cantillo,5
2026-08-04,Athletics @ Cincinnati Reds,Athletics,J.T. Ginn,5
2026-08-04,Athletics @ Cincinnati Reds,Cincinnati Reds,Brady Singer,6
2026-08-04,Washington Nationals @ Philadelphia Phillies,Washington Nationals,Carson Palmquist,0
2026-08-04,Washington Nationals @ Philadelphia Phillies,Philadelphia Phillies,Jesús Luzardo,7
2026-08-04,St. Louis Cardinals @ New York Yankees,St. Louis Cardinals,Hunter Dobbins,4
2026-08-04,St. Louis Cardinals @ New York Yankees,New York Yankees,Ryan Weathers,6
2026-08-04,Chicago White Sox @ Boston Red Sox,Chicago White Sox,Davis Martin,1
2026-08-04,Chicago White Sox @ Boston Red Sox,Boston Red Sox,Patrick Sandoval,5
2026-08-04,Miami Marlins @ Atlanta Braves,Miami Marlins,Ryan Gusto,5
2026-08-04,Miami Marlins @ Atlanta Braves,Atlanta Braves,Grant Holmes,5
2026-08-04,Minnesota Twins @ Kansas City Royals,Minnesota Twins,Joe Ryan,3
2026-08-04,Minnesota Twins @ Kansas City Royals,Kansas City Royals,Randy Dobnak,1
2026-08-04,Pittsburgh Pirates @ Milwaukee Brewers,Pittsburgh Pirates,Jared Jones,4
2026-08-04,Pittsburgh Pirates @ Milwaukee Brewers,Milwaukee Brewers,Logan Henderson,8
2026-08-04,Los Angeles Dodgers @ Chicago Cubs,Los Angeles Dodgers,Tarik Skubal,6
2026-08-04,Los Angeles Dodgers @ Chicago Cubs,Chicago Cubs,Javier Assad,3
2026-08-04,San Francisco Giants @ Texas Rangers,San Francisco Giants,Blade Tidwell,3
2026-08-04,San Francisco Giants @ Texas Rangers,Texas Rangers,MacKenzie Gore,4
2026-08-04,Toronto Blue Jays @ Houston Astros,Toronto Blue Jays,Trey Yesavage,0
2026-08-04,Toronto Blue Jays @ Houston Astros,Houston Astros,Hayden Wesneski,4
2026-08-04,Tampa Bay Rays @ Colorado Rockies,Tampa Bay Rays,Freddy Peralta,3
2026-08-04,Tampa Bay Rays @ Colorado Rockies,Colorado Rockies,Gabriel Hughes,7
2026-08-04,San Diego Padres @ Arizona Diamondbacks,San Diego Padres,Randy Vásquez,1
2026-08-04,San Diego Padres @ Arizona Diamondbacks,Arizona Diamondbacks,Eduardo Rodriguez,4
2026-08-04,Detroit Tigers @ Seattle Mariners,Detroit Tigers,Troy Melton,4
2026-08-04,Detroit Tigers @ Seattle Mariners,Seattle Mariners,Emerson Hancock,6
2026-08-06,Los Angeles Angels @ Baltimore Orioles,Los Angeles Angels,Ryan Johnson,1
2026-08-06,Los Angeles Angels @ Baltimore Orioles,Baltimore Orioles,Brandon Young,4
2026-08-06,Athletics @ Cincinnati Reds,Athletics,Mason Barnett,7
2026-08-06,Athletics @ Cincinnati Reds,Cincinnati Reds,Andrew Abbott,4
2026-08-06,New York Mets @ Cleveland Guardians,New York Mets,Nolan McLean,8
2026-08-06,New York Mets @ Cleveland Guardians,Cleveland Guardians,Foster Griffin,6
2026-08-06,Pittsburgh Pirates @ Milwaukee Brewers,Pittsburgh Pirates,Braxton Ashcraft,5
2026-08-06,Pittsburgh Pirates @ Milwaukee Brewers,Milwaukee Brewers,Dustin May,5
2026-08-06,Toronto Blue Jays @ Chicago Cubs,Toronto Blue Jays,Dylan Cease,10
2026-08-06,Toronto Blue Jays @ Chicago Cubs,Chicago Cubs,David Peterson,3
2026-08-06,Detroit Tigers @ Seattle Mariners,Detroit Tigers,Framber Valdez,5
2026-08-06,Detroit Tigers @ Seattle Mariners,Seattle Mariners,Bryce Miller,5
2026-08-06,Washington Nationals @ Philadelphia Phillies,Washington Nationals,Miles Mikolas,1
2026-08-06,Washington Nationals @ Philadelphia Phillies,Philadelphia Phillies,Cristopher Sánchez,6
2026-08-06,Chicago White Sox @ Boston Red Sox,Chicago White Sox,Luis Castillo,5
2026-08-06,Chicago White Sox @ Boston Red Sox,Boston Red Sox,Ranger Suarez,3
2026-08-06,Miami Marlins @ Atlanta Braves,Miami Marlins,Janson Junk,1
2026-08-06,Miami Marlins @ Atlanta Braves,Atlanta Braves,Martín Pérez,3
2026-08-06,Minnesota Twins @ Kansas City Royals,Minnesota Twins,Bailey Ober,0
2026-08-06,Minnesota Twins @ Kansas City Royals,Kansas City Royals,Michael Wacha,1
2026-08-06,San Diego Padres @ Arizona Diamondbacks,San Diego Padres,Walker Buehler,3
2026-08-06,San Diego Padres @ Arizona Diamondbacks,Arizona Diamondbacks,Kohl Drake,1
2026-08-07,New York Mets @ Pittsburgh Pirates,New York Mets,Zac Thornton,3
2026-08-07,New York Mets @ Pittsburgh Pirates,Pittsburgh Pirates,Carmen Mlodzinski,1
2026-08-07,Toronto Blue Jays @ Philadelphia Phillies,Toronto Blue Jays,José Soriano,3
2026-08-07,Toronto Blue Jays @ Philadelphia Phillies,Philadelphia Phillies,Zack Wheeler,6
2026-08-07,Cincinnati Reds @ Washington Nationals,Cincinnati Reds,Chase Petty,1
2026-08-07,Cincinnati Reds @ Washington Nationals,Washington Nationals,Cade Cavalli,8
2026-08-07,Atlanta Braves @ New York Yankees,Atlanta Braves,Tyler Mahle,9
2026-08-07,Atlanta Braves @ New York Yankees,New York Yankees,Max Fried,7
2026-08-07,Athletics @ Boston Red Sox,Athletics,Jack Perkins,3
2026-08-07,Athletics @ Boston Red Sox,Boston Red Sox,Payton Tolle,14
2026-08-07,Los Angeles Angels @ Miami Marlins,Los Angeles Angels,George Klassen,3
2026-08-07,Los Angeles Angels @ Miami Marlins,Miami Marlins,Tyler Phillips,4
2026-08-07,Cleveland Guardians @ Chicago White Sox,Cleveland Guardians,Parker Messick,8
2026-08-07,Cleveland Guardians @ Chicago White Sox,Chicago White Sox,Noah Schultz,1
2026-08-07,Minnesota Twins @ Milwaukee Brewers,Minnesota Twins,Zebby Matthews,4
2026-08-07,Minnesota Twins @ Milwaukee Brewers,Milwaukee Brewers,Shane Drohan,4
2026-08-07,Chicago Cubs @ Kansas City Royals,Chicago Cubs,Kevin Gausman,4
2026-08-07,Chicago Cubs @ Kansas City Royals,Kansas City Royals,Daniel Lynch IV,2
2026-08-07,Colorado Rockies @ St. Louis Cardinals,Colorado Rockies,Ryan Feltner,2
2026-08-07,Colorado Rockies @ St. Louis Cardinals,St. Louis Cardinals,Kyle Leahy,8
2026-08-07,Baltimore Orioles @ Texas Rangers,Baltimore Orioles,Shane Baz,9
2026-08-07,Baltimore Orioles @ Texas Rangers,Texas Rangers,Nathan Eovaldi,2
2026-08-07,Los Angeles Dodgers @ Arizona Diamondbacks,Los Angeles Dodgers,Roki Sasaki,5
2026-08-07,Los Angeles Dodgers @ Arizona Diamondbacks,Arizona Diamondbacks,Merrill Kelly,4
2026-08-07,Houston Astros @ San Diego Padres,Houston Astros,Ronel Blanco,1
2026-08-07,Houston Astros @ San Diego Padres,San Diego Padres,Robbie Ray,2
2026-08-07,Tampa Bay Rays @ Seattle Mariners,Tampa Bay Rays,Drew Rasmussen,8
2026-08-07,Tampa Bay Rays @ Seattle Mariners,Seattle Mariners,Logan Gilbert,6
2026-08-07,Detroit Tigers @ San Francisco Giants,Detroit Tigers,Keider Montero,5
2026-08-07,Detroit Tigers @ San Francisco Giants,San Francisco Giants,JT Brubaker,1
2026-08-08,Atlanta Braves @ New York Yankees,Atlanta Braves,Chris Sale,8
2026-08-08,Atlanta Braves @ New York Yankees,New York Yankees,Gerrit Cole,9
2026-08-08,Athletics @ Boston Red Sox,Athletics,Gage Jump,11
2026-08-08,Athletics @ Boston Red Sox,Boston Red Sox,Jake Bennett,5
2026-08-08,Los Angeles Angels @ Miami Marlins,Los Angeles Angels,Walbert Ureña,2
2026-08-08,Los Angeles Angels @ Miami Marlins,Miami Marlins,Sandy Alcantara,8
2026-08-08,Toronto Blue Jays @ Philadelphia Phillies,Toronto Blue Jays,Max Scherzer,4
2026-08-08,Toronto Blue Jays @ Philadelphia Phillies,Philadelphia Phillies,Aaron Nola,8
2026-08-08,New York Mets @ Pittsburgh Pirates,New York Mets,Robert Stock,4
2026-08-08,New York Mets @ Pittsburgh Pirates,Pittsburgh Pirates,Bubba Chandler,5
2026-08-08,Cincinnati Reds @ Washington Nationals,Cincinnati Reds,Chase Burns,6
2026-08-08,Cincinnati Reds @ Washington Nationals,Washington Nationals,Andrew Alvarez,2
2026-08-08,Chicago Cubs @ Kansas City Royals,Chicago Cubs,Clay Holmes,1
2026-08-08,Chicago Cubs @ Kansas City Royals,Kansas City Royals,Seth Lugo,5
2026-08-08,Minnesota Twins @ Milwaukee Brewers,Minnesota Twins,Taj Bradley,7
2026-08-08,Minnesota Twins @ Milwaukee Brewers,Milwaukee Brewers,Robert Gasser,3
2026-08-08,Houston Astros @ San Diego Padres,Houston Astros,Peter Lambert,3
2026-08-08,Houston Astros @ San Diego Padres,San Diego Padres,Michael King,6
2026-08-08,Detroit Tigers @ San Francisco Giants,Detroit Tigers,Jackson Jobe,4
2026-08-08,Detroit Tigers @ San Francisco Giants,San Francisco Giants,Landen Roupp,3
2026-08-08,Colorado Rockies @ St. Louis Cardinals,Colorado Rockies,Kyle Freeland,3
2026-08-08,Colorado Rockies @ St. Louis Cardinals,St. Louis Cardinals,Matthew Liberatore,3
2026-08-08,Baltimore Orioles @ Texas Rangers,Baltimore Orioles,Kyle Bradish,4
2026-08-08,Baltimore Orioles @ Texas Rangers,Texas Rangers,Jacob deGrom,9
2026-08-08,Cleveland Guardians @ Chicago White Sox,Cleveland Guardians,Gavin Williams,7
2026-08-08,Cleveland Guardians @ Chicago White Sox,Chicago White Sox,Anthony Kay,4
2026-08-08,Los Angeles Dodgers @ Arizona Diamondbacks,Los Angeles Dodgers,Yoshinobu Yamamoto,6
2026-08-08,Los Angeles Dodgers @ Arizona Diamondbacks,Arizona Diamondbacks,Brandon Pfaadt,2
2026-08-08,Tampa Bay Rays @ Seattle Mariners,Tampa Bay Rays,Casey Legumina,1
2026-08-08,Tampa Bay Rays @ Seattle Mariners,Seattle Mariners,George Kirby,2
2026-08-09,Cincinnati Reds @ Washington Nationals,Cincinnati Reds,Brady Singer,3
2026-08-09,Cincinnati Reds @ Washington Nationals,Washington Nationals,Brad Lord,4
2026-08-09,Athletics @ Boston Red Sox,Athletics,J.T. Ginn,2
2026-08-09,Athletics @ Boston Red Sox,Boston Red Sox,Erik Miller,2
2026-08-09,New York Mets @ Pittsburgh Pirates,New York Mets,Sean Manaea,11
2026-08-09,New York Mets @ Pittsburgh Pirates,Pittsburgh Pirates,Jared Jones,3
2026-08-09,Toronto Blue Jays @ Philadelphia Phillies,Toronto Blue Jays,Shane Bieber,4
2026-08-09,Toronto Blue Jays @ Philadelphia Phillies,Philadelphia Phillies,Jesús Luzardo,12
2026-08-09,Atlanta Braves @ New York Yankees,Atlanta Braves,Grant Holmes,2
2026-08-09,Atlanta Braves @ New York Yankees,New York Yankees,Cam Schlittler,11
2026-08-09,Los Angeles Angels @ Miami Marlins,Los Angeles Angels,Grayson Rodriguez,8
2026-08-09,Los Angeles Angels @ Miami Marlins,Miami Marlins,Ryan Gusto,4
2026-08-09,Chicago Cubs @ Kansas City Royals,Chicago Cubs,Matthew Boyd,3
2026-08-09,Chicago Cubs @ Kansas City Royals,Kansas City Royals,Randy Dobnak,4
2026-08-09,Cleveland Guardians @ Chicago White Sox,Cleveland Guardians,Joey Cantillo,3
2026-08-09,Cleveland Guardians @ Chicago White Sox,Chicago White Sox,Davis Martin,1
2026-08-09,Minnesota Twins @ Milwaukee Brewers,Minnesota Twins,Connor Prielipp,7
2026-08-09,Minnesota Twins @ Milwaukee Brewers,Milwaukee Brewers,Jacob Misiorowski,9
2026-08-09,Colorado Rockies @ St. Louis Cardinals,Colorado Rockies,Michael Lorenzen,1
2026-08-09,Colorado Rockies @ St. Louis Cardinals,St. Louis Cardinals,Michael McGreevy,4
2026-08-09,Baltimore Orioles @ Texas Rangers,Baltimore Orioles,Cade Povich,2
2026-08-09,Baltimore Orioles @ Texas Rangers,Texas Rangers,Kumar Rocker,5
2026-08-09,Detroit Tigers @ San Francisco Giants,Detroit Tigers,Troy Melton,5
2026-08-09,Detroit Tigers @ San Francisco Giants,San Francisco Giants,Logan Webb,2
2026-08-09,Los Angeles Dodgers @ Arizona Diamondbacks,Los Angeles Dodgers,Justin Wrobleski,3
2026-08-09,Los Angeles Dodgers @ Arizona Diamondbacks,Arizona Diamondbacks,Eduardo Rodriguez,9
2026-08-09,Tampa Bay Rays @ Seattle Mariners,Tampa Bay Rays,Ian Seymour,7
2026-08-09,Tampa Bay Rays @ Seattle Mariners,Seattle Mariners,Emerson Hancock,3
2026-08-09,Houston Astros @ San Diego Padres,Houston Astros,Cristian Javier,2
2026-08-09,Houston Astros @ San Diego Padres,San Diego Padres,Randy Vásquez,1
2026-08-26,Tampa Bay Rays @ Detroit Tigers,Tampa Bay Rays,Freddy Peralta,4
2026-08-26,Tampa Bay Rays @ Detroit Tigers,Detroit Tigers,Troy Melton,4
2026-08-26,Chicago Cubs @ Arizona Diamondbacks,Chicago Cubs,Matthew Boyd,5
2026-08-26,Chicago Cubs @ Arizona Diamondbacks,Arizona Diamondbacks,Eduardo Rodriguez,9
2026-08-26,Cincinnati Reds @ San Francisco Giants,Cincinnati Reds,Nick Lodolo,5
2026-08-26,Cincinnati Reds @ San Francisco Giants,San Francisco Giants,Logan Webb,6
2026-08-26,Cleveland Guardians @ Los Angeles Angels,Cleveland Guardians,Joey Cantillo,1
2026-08-26,Cleveland Guardians @ Los Angeles Angels,Los Angeles Angels,Grayson Rodriguez,4
2026-08-26,Pittsburgh Pirates @ San Diego Padres,Pittsburgh Pirates,Bubba Chandler,3
2026-08-26,Pittsburgh Pirates @ San Diego Padres,San Diego Padres,Randy Vásquez,2
2026-08-26,Philadelphia Phillies @ Seattle Mariners,Philadelphia Phillies,Jesús Luzardo,9
2026-08-26,Philadelphia Phillies @ Seattle Mariners,Seattle Mariners,Bryan Woo,5
2026-08-26,Boston Red Sox @ Miami Marlins,Boston Red Sox,Sonny Gray,5
2026-08-26,Boston Red Sox @ Miami Marlins,Miami Marlins,Ryan Gusto,2
2026-08-26,Colorado Rockies @ Washington Nationals,Colorado Rockies,Tanner Gordon,5
2026-08-26,Colorado Rockies @ Washington Nationals,Washington Nationals,Matt Waldron,1
2026-08-26,Houston Astros @ New York Yankees,Houston Astros,Peter Lambert,5
2026-08-26,Houston Astros @ New York Yankees,New York Yankees,Elmer Rodríguez,6
2026-08-26,Kansas City Royals @ Toronto Blue Jays,Kansas City Royals,Randy Dobnak,5
2026-08-26,Kansas City Royals @ Toronto Blue Jays,Toronto Blue Jays,Spencer Miles,1
2026-08-26,Milwaukee Brewers @ New York Mets,Milwaukee Brewers,Dustin May,0
2026-08-26,Milwaukee Brewers @ New York Mets,New York Mets,Robert Stock,2
2026-08-26,Los Angeles Dodgers @ Atlanta Braves,Los Angeles Dodgers,Roki Sasaki,3
2026-08-26,Los Angeles Dodgers @ Atlanta Braves,Atlanta Braves,AJ Smith-Shawver,3
2026-08-26,Texas Rangers @ Chicago White Sox,Texas Rangers,MacKenzie Gore,4
2026-08-26,Texas Rangers @ Chicago White Sox,Chicago White Sox,Sean Burke,3
2026-08-26,Baltimore Orioles @ St. Louis Cardinals,Baltimore Orioles,Kyle Bradish,4
2026-08-26,Baltimore Orioles @ St. Louis Cardinals,St. Louis Cardinals,Michael McGreevy,3
2026-08-26,Minnesota Twins @ Athletics,Minnesota Twins,Connor Prielipp,5
2026-08-26,Minnesota Twins @ Athletics,Athletics,J.T. Ginn,3
2026-08-10,Boston Red Sox @ Toronto Blue Jays,Boston Red Sox,Sonny Gray,4
2026-08-10,Boston Red Sox @ Toronto Blue Jays,Toronto Blue Jays,Jameson Taillon,3
2026-08-10,New York Mets @ Atlanta Braves,New York Mets,Christian Scott,6
2026-08-10,New York Mets @ Atlanta Braves,Atlanta Braves,Bryce Elder,4
2026-08-10,Baltimore Orioles @ Minnesota Twins,Baltimore Orioles,Trevor Rogers,4
2026-08-10,Baltimore Orioles @ Minnesota Twins,Minnesota Twins,Dean Kremer,7
2026-08-10,Philadelphia Phillies @ St. Louis Cardinals,Philadelphia Phillies,Andrew Painter,6
2026-08-10,Philadelphia Phillies @ St. Louis Cardinals,St. Louis Cardinals,Hunter Dobbins,6
2026-08-10,Texas Rangers @ Los Angeles Angels,Texas Rangers,MacKenzie Gore,9
2026-08-10,Texas Rangers @ Los Angeles Angels,Los Angeles Angels,Reid Detmers,6
2026-08-10,Colorado Rockies @ Arizona Diamondbacks,Colorado Rockies,Gabriel Hughes,3
2026-08-10,Colorado Rockies @ Arizona Diamondbacks,Arizona Diamondbacks,Michael Soroka,4
2026-08-10,Tampa Bay Rays @ Athletics,Tampa Bay Rays,Freddy Peralta,5
2026-08-10,Tampa Bay Rays @ Athletics,Athletics,Jacob Lopez,5
2026-08-10,Milwaukee Brewers @ San Diego Padres,Milwaukee Brewers,Logan Henderson,7
2026-08-10,Milwaukee Brewers @ San Diego Padres,San Diego Padres,Casey Mize,6
2026-08-10,Houston Astros @ San Francisco Giants,Houston Astros,Hayden Wesneski,4
2026-08-10,Houston Astros @ San Francisco Giants,San Francisco Giants,Blade Tidwell,6
2026-08-10,Kansas City Royals @ Los Angeles Dodgers,Kansas City Royals,Noah Cameron,2
2026-08-10,Kansas City Royals @ Los Angeles Dodgers,Los Angeles Dodgers,Tarik Skubal,6
2026-08-11,Cleveland Guardians @ Detroit Tigers,Cleveland Guardians,Tanner Bibee,4
2026-08-11,Cleveland Guardians @ Detroit Tigers,Detroit Tigers,Drew Anderson,4
2026-08-11,Pittsburgh Pirates @ Miami Marlins,Pittsburgh Pirates,Paul Skenes,4
2026-08-11,Pittsburgh Pirates @ Miami Marlins,Miami Marlins,Eury Pérez,7
2026-08-11,Chicago Cubs @ Washington Nationals,Chicago Cubs,Shota Imanaga,5
2026-08-11,Chicago Cubs @ Washington Nationals,Washington Nationals,Jake Irvin,4
2026-08-11,Seattle Mariners @ New York Yankees,Seattle Mariners,Bryan Woo,5
2026-08-11,Seattle Mariners @ New York Yankees,New York Yankees,Ryan Weathers,4
2026-08-11,Boston Red Sox @ Toronto Blue Jays,Boston Red Sox,Patrick Sandoval,4
2026-08-11,Boston Red Sox @ Toronto Blue Jays,Toronto Blue Jays,Dylan Cease,7
2026-08-11,New York Mets @ Atlanta Braves,New York Mets,Nolan McLean,3
2026-08-11,New York Mets @ Atlanta Braves,Atlanta Braves,Martín Pérez,2
2026-08-11,Baltimore Orioles @ Minnesota Twins,Baltimore Orioles,Brandon Young,4
2026-08-11,Baltimore Orioles @ Minnesota Twins,Minnesota Twins,Bailey Ober,4
2026-08-11,Cincinnati Reds @ Chicago White Sox,Cincinnati Reds,Nick Lodolo,5
2026-08-11,Cincinnati Reds @ Chicago White Sox,Chicago White Sox,Sean Burke,8
2026-08-11,Philadelphia Phillies @ St. Louis Cardinals,Philadelphia Phillies,Cristopher Sánchez,7
2026-08-11,Philadelphia Phillies @ St. Louis Cardinals,St. Louis Cardinals,Andre Pallante,2
2026-08-11,Texas Rangers @ Los Angeles Angels,Texas Rangers,Cody Bradford,1
2026-08-11,Texas Rangers @ Los Angeles Angels,Los Angeles Angels,Ryan Johnson,5
2026-08-11,Colorado Rockies @ Arizona Diamondbacks,Colorado Rockies,Tomoyuki Sugano,5
2026-08-11,Colorado Rockies @ Arizona Diamondbacks,Arizona Diamondbacks,Mitch Bratt,4
2026-08-11,Tampa Bay Rays @ Athletics,Tampa Bay Rays,Nick Martinez,5
2026-08-11,Tampa Bay Rays @ Athletics,Athletics,Mason Barnett,0
2026-08-11,Milwaukee Brewers @ San Diego Padres,Milwaukee Brewers,Kyle Harrison,3
2026-08-11,Milwaukee Brewers @ San Diego Padres,San Diego Padres,Walker Buehler,5
2026-08-11,Houston Astros @ San Francisco Giants,Houston Astros,Hunter Brown,4
2026-08-11,Houston Astros @ San Francisco Giants,San Francisco Giants,Carson Whisenhunt,2
2026-08-11,Kansas City Royals @ Los Angeles Dodgers,Kansas City Royals,Michael Wacha,5
2026-08-11,Kansas City Royals @ Los Angeles Dodgers,Los Angeles Dodgers,Blake Snell,10
2026-08-12,Baltimore Orioles @ Minnesota Twins,Baltimore Orioles,Shane Baz,2
2026-08-12,Baltimore Orioles @ Minnesota Twins,Minnesota Twins,Zebby Matthews,4
2026-08-12,Philadelphia Phillies @ St. Louis Cardinals,Philadelphia Phillies,Zack Wheeler,5
2026-08-12,Philadelphia Phillies @ St. Louis Cardinals,St. Louis Cardinals,Kyle Leahy,6
2026-08-12,Tampa Bay Rays @ Athletics,Tampa Bay Rays,Drew Rasmussen,3
2026-08-12,Tampa Bay Rays @ Athletics,Athletics,Jack Perkins,2
2026-08-12,Colorado Rockies @ Arizona Diamondbacks,Colorado Rockies,Ryan Feltner,2
2026-08-12,Colorado Rockies @ Arizona Diamondbacks,Arizona Diamondbacks,Merrill Kelly,2
2026-08-12,Houston Astros @ San Francisco Giants,Houston Astros,Bryan King,1
2026-08-12,Houston Astros @ San Francisco Giants,San Francisco Giants,Adrian Houser,5
2026-08-12,Milwaukee Brewers @ San Diego Padres,Milwaukee Brewers,Dustin May,6
2026-08-12,Milwaukee Brewers @ San Diego Padres,San Diego Padres,Robbie Ray,4
2026-08-12,Cleveland Guardians @ Detroit Tigers,Cleveland Guardians,Foster Griffin,3
2026-08-12,Cleveland Guardians @ Detroit Tigers,Detroit Tigers,Framber Valdez,3
2026-08-12,Pittsburgh Pirates @ Miami Marlins,Pittsburgh Pirates,Carmen Mlodzinski,1
2026-08-12,Pittsburgh Pirates @ Miami Marlins,Miami Marlins,Janson Junk,2
2026-08-12,Chicago Cubs @ Washington Nationals,Chicago Cubs,David Peterson,6
2026-08-12,Chicago Cubs @ Washington Nationals,Washington Nationals,Jackson Kent,6
2026-08-12,Seattle Mariners @ New York Yankees,Seattle Mariners,Bryce Miller,5
2026-08-12,Seattle Mariners @ New York Yankees,New York Yankees,Will Warren,3
2026-08-12,Boston Red Sox @ Toronto Blue Jays,Boston Red Sox,Ranger Suarez,2
2026-08-12,Boston Red Sox @ Toronto Blue Jays,Toronto Blue Jays,José Soriano,4
2026-08-12,New York Mets @ Atlanta Braves,New York Mets,Zac Thornton,2
2026-08-12,New York Mets @ Atlanta Braves,Atlanta Braves,Tyler Mahle,7
2026-08-12,Cincinnati Reds @ Chicago White Sox,Cincinnati Reds,Rhett Lowder,4
2026-08-12,Cincinnati Reds @ Chicago White Sox,Chicago White Sox,Luis Castillo,10
2026-08-12,Kansas City Royals @ Los Angeles Dodgers,Kansas City Royals,Daniel Lynch IV,3
2026-08-12,Kansas City Royals @ Los Angeles Dodgers,Los Angeles Dodgers,Eric Lauer,6
2026-08-12,Texas Rangers @ Los Angeles Angels,Texas Rangers,Cal Quantrill,6
2026-08-12,Texas Rangers @ Los Angeles Angels,Los Angeles Angels,George Klassen,5
2026-08-13,Cleveland Guardians @ Detroit Tigers,Cleveland Guardians,Parker Messick,6
2026-08-13,Cleveland Guardians @ Detroit Tigers,Detroit Tigers,Keider Montero,0
2026-08-13,Cincinnati Reds @ Chicago White Sox,Cincinnati Reds,Andrew Abbott,3
2026-08-13,Cincinnati Reds @ Chicago White Sox,Chicago White Sox,Davis Martin,3
2026-08-13,Pittsburgh Pirates @ Miami Marlins,Pittsburgh Pirates,Braxton Ashcraft,10
2026-08-13,Pittsburgh Pirates @ Miami Marlins,Miami Marlins,Tyler Phillips,6
2026-08-13,Seattle Mariners @ New York Yankees,Seattle Mariners,Logan Gilbert,7
2026-08-13,Seattle Mariners @ New York Yankees,New York Yankees,Max Fried,4
2026-08-13,Boston Red Sox @ Toronto Blue Jays,Boston Red Sox,Payton Tolle,4
2026-08-13,Boston Red Sox @ Toronto Blue Jays,Toronto Blue Jays,Max Scherzer,4
2026-08-13,Chicago Cubs @ Washington Nationals,Chicago Cubs,Kevin Gausman,7
2026-08-13,Chicago Cubs @ Washington Nationals,Washington Nationals,Cade Cavalli,10
2026-08-13,Philadelphia Phillies @ Minnesota Twins,Philadelphia Phillies,Aaron Nola,9
2026-08-13,Philadelphia Phillies @ Minnesota Twins,Minnesota Twins,Taj Bradley,3
2026-08-13,Texas Rangers @ Los Angeles Angels,Texas Rangers,Jacob deGrom,3
2026-08-13,Texas Rangers @ Los Angeles Angels,Los Angeles Angels,Walbert Ureña,5
2026-08-13,Milwaukee Brewers @ Los Angeles Dodgers,Milwaukee Brewers,Shane Drohan,5
2026-08-13,Milwaukee Brewers @ Los Angeles Dodgers,Los Angeles Dodgers,Roki Sasaki,2
2026-08-14,St. Louis Cardinals @ Chicago Cubs,St. Louis Cardinals,Matthew Liberatore,6
2026-08-14,St. Louis Cardinals @ Chicago Cubs,Chicago Cubs,Clay Holmes,3
2026-08-14,Miami Marlins @ Cincinnati Reds,Miami Marlins,Sandy Alcantara,2
2026-08-14,Miami Marlins @ Cincinnati Reds,Cincinnati Reds,Chase Burns,8
2026-08-14,Boston Red Sox @ Pittsburgh Pirates,Boston Red Sox,Jake Bennett,6
2026-08-14,Boston Red Sox @ Pittsburgh Pirates,Pittsburgh Pirates,Bubba Chandler,5
2026-08-14,Chicago White Sox @ Detroit Tigers,Chicago White Sox,Sean Newcomb,2
2026-08-14,Chicago White Sox @ Detroit Tigers,Detroit Tigers,Jackson Jobe,4
2026-08-14,Washington Nationals @ New York Mets,Washington Nationals,Andrew Alvarez,4
2026-08-14,Washington Nationals @ New York Mets,New York Mets,Robert Stock,5
2026-08-14,San Diego Padres @ Cleveland Guardians,San Diego Padres,Michael King,4
2026-08-14,San Diego Padres @ Cleveland Guardians,Cleveland Guardians,Gavin Williams,5
2026-08-14,Baltimore Orioles @ Tampa Bay Rays,Baltimore Orioles,Chris Bassitt,3
2026-08-14,Baltimore Orioles @ Tampa Bay Rays,Tampa Bay Rays,Steven Matz,1
2026-08-14,Arizona Diamondbacks @ Atlanta Braves,Arizona Diamondbacks,Brandon Pfaadt,7
2026-08-14,Arizona Diamondbacks @ Atlanta Braves,Atlanta Braves,Chris Sale,9
2026-08-14,New York Yankees @ Toronto Blue Jays,New York Yankees,Gerrit Cole,5
2026-08-14,New York Yankees @ Toronto Blue Jays,Toronto Blue Jays,Shane Bieber,5
2026-08-14,Seattle Mariners @ Houston Astros,Seattle Mariners,George Kirby,2
2026-08-14,Seattle Mariners @ Houston Astros,Houston Astros,Peter Lambert,6
2026-08-14,Kansas City Royals @ Los Angeles Angels,Kansas City Royals,Seth Lugo,4
2026-08-14,Kansas City Royals @ Los Angeles Angels,Los Angeles Angels,Grayson Rodriguez,5
2026-08-14,Texas Rangers @ Athletics,Texas Rangers,Kumar Rocker,3
2026-08-14,Texas Rangers @ Athletics,Athletics,Gage Jump,1
2026-08-14,Milwaukee Brewers @ Los Angeles Dodgers,Milwaukee Brewers,Robert Gasser,7
2026-08-14,Milwaukee Brewers @ Los Angeles Dodgers,Los Angeles Dodgers,Yoshinobu Yamamoto,9
2026-08-14,Colorado Rockies @ San Francisco Giants,Colorado Rockies,Kyle Freeland,2
2026-08-14,Colorado Rockies @ San Francisco Giants,San Francisco Giants,Landen Roupp,5
2026-08-15,Chicago White Sox @ Detroit Tigers,Chicago White Sox,Anthony Kay,4
2026-08-15,Chicago White Sox @ Detroit Tigers,Detroit Tigers,Troy Melton,4
2026-08-15,St. Louis Cardinals @ Chicago Cubs,St. Louis Cardinals,Michael McGreevy,6
2026-08-15,St. Louis Cardinals @ Chicago Cubs,Chicago Cubs,Matthew Boyd,2
2026-08-15,New York Yankees @ Toronto Blue Jays,New York Yankees,Cam Schlittler,7
2026-08-15,New York Yankees @ Toronto Blue Jays,Toronto Blue Jays,Braydon Fisher,0
2026-08-15,Colorado Rockies @ San Francisco Giants,Colorado Rockies,Michael Lorenzen,1
2026-08-15,Colorado Rockies @ San Francisco Giants,San Francisco Giants,Logan Webb,7
2026-08-15,Washington Nationals @ New York Mets,Washington Nationals,Brad Lord,1
2026-08-15,Washington Nationals @ New York Mets,New York Mets,Sean Manaea,7
2026-08-15,Baltimore Orioles @ Tampa Bay Rays,Baltimore Orioles,Kyle Bradish,3
2026-08-15,Baltimore Orioles @ Tampa Bay Rays,Tampa Bay Rays,Ian Seymour,9
2026-08-15,Miami Marlins @ Cincinnati Reds,Miami Marlins,Ryan Gusto,6
2026-08-15,Miami Marlins @ Cincinnati Reds,Cincinnati Reds,Brady Singer,4
2026-08-15,San Diego Padres @ Cleveland Guardians,San Diego Padres,Wandy Peralta,1
2026-08-15,San Diego Padres @ Cleveland Guardians,Cleveland Guardians,Joey Cantillo,7
2026-08-15,Seattle Mariners @ Houston Astros,Seattle Mariners,Emerson Hancock,8
2026-08-15,Seattle Mariners @ Houston Astros,Houston Astros,Hayden Wesneski,6
2026-08-15,Philadelphia Phillies @ Minnesota Twins,Philadelphia Phillies,Jesús Luzardo,9
2026-08-15,Philadelphia Phillies @ Minnesota Twins,Minnesota Twins,Connor Prielipp,6
2026-08-15,Boston Red Sox @ Pittsburgh Pirates,Boston Red Sox,Sonny Gray,7
2026-08-15,Boston Red Sox @ Pittsburgh Pirates,Pittsburgh Pirates,Jared Jones,7
2026-08-15,Arizona Diamondbacks @ Atlanta Braves,Arizona Diamondbacks,Eduardo Rodriguez,5
2026-08-15,Arizona Diamondbacks @ Atlanta Braves,Atlanta Braves,Grant Holmes,3
2026-08-15,Milwaukee Brewers @ Los Angeles Dodgers,Milwaukee Brewers,Jacob Misiorowski,6
2026-08-15,Milwaukee Brewers @ Los Angeles Dodgers,Los Angeles Dodgers,Justin Wrobleski,6
2026-08-15,Kansas City Royals @ Los Angeles Angels,Kansas City Royals,Randy Dobnak,6
2026-08-15,Kansas City Royals @ Los Angeles Angels,Los Angeles Angels,Reid Detmers,11
2026-08-15,Texas Rangers @ Athletics,Texas Rangers,MacKenzie Gore,5
2026-08-15,Texas Rangers @ Athletics,Athletics,J.T. Ginn,7
2026-08-16,Baltimore Orioles @ Tampa Bay Rays,Baltimore Orioles,Trevor Rogers,6
2026-08-16,Baltimore Orioles @ Tampa Bay Rays,Tampa Bay Rays,Freddy Peralta,2
2026-08-16,Boston Red Sox @ Pittsburgh Pirates,Boston Red Sox,Patrick Sandoval,6
2026-08-16,Boston Red Sox @ Pittsburgh Pirates,Pittsburgh Pirates,Lake Bachar,4
2026-08-16,Arizona Diamondbacks @ Atlanta Braves,Arizona Diamondbacks,Michael Soroka,5
2026-08-16,Arizona Diamondbacks @ Atlanta Braves,Atlanta Braves,Bryce Elder,5
2026-08-16,New York Yankees @ Toronto Blue Jays,New York Yankees,Ryan Weathers,4
2026-08-16,New York Yankees @ Toronto Blue Jays,Toronto Blue Jays,Dylan Cease,10
2026-08-16,Washington Nationals @ New York Mets,Washington Nationals,Jake Irvin,6
2026-08-16,Washington Nationals @ New York Mets,New York Mets,Christian Scott,7
2026-08-16,San Diego Padres @ Cleveland Guardians,San Diego Padres,Casey Mize,3
2026-08-16,San Diego Padres @ Cleveland Guardians,Cleveland Guardians,Tanner Bibee,3
2026-08-16,Chicago White Sox @ Detroit Tigers,Chicago White Sox,Sean Burke,2
2026-08-16,Chicago White Sox @ Detroit Tigers,Detroit Tigers,Drew Anderson,5
2026-08-16,Miami Marlins @ Cincinnati Reds,Miami Marlins,Eury Pérez,5
2026-08-16,Miami Marlins @ Cincinnati Reds,Cincinnati Reds,Nick Lodolo,2
2026-08-16,Philadelphia Phillies @ Minnesota Twins,Philadelphia Phillies,Andrew Painter,2
2026-08-16,Philadelphia Phillies @ Minnesota Twins,Minnesota Twins,Dean Kremer,6
2026-08-16,St. Louis Cardinals @ Chicago Cubs,St. Louis Cardinals,Hunter Dobbins,7
2026-08-16,St. Louis Cardinals @ Chicago Cubs,Chicago Cubs,Edward Cabrera,2
2026-08-16,Colorado Rockies @ San Francisco Giants,Colorado Rockies,Gabriel Hughes,2
2026-08-16,Colorado Rockies @ San Francisco Giants,San Francisco Giants,Blade Tidwell,1
2026-08-16,Texas Rangers @ Athletics,Texas Rangers,Cody Bradford,4
2026-08-16,Texas Rangers @ Athletics,Athletics,Jacob Lopez,6
2026-08-16,Kansas City Royals @ Los Angeles Angels,Kansas City Royals,Noah Cameron,8
2026-08-16,Kansas City Royals @ Los Angeles Angels,Los Angeles Angels,Ryan Johnson,4
2026-08-16,Milwaukee Brewers @ Los Angeles Dodgers,Milwaukee Brewers,Logan Henderson,6
2026-08-16,Milwaukee Brewers @ Los Angeles Dodgers,Los Angeles Dodgers,Tarik Skubal,7
2026-08-16,Seattle Mariners @ Houston Astros,Seattle Mariners,Bryan Woo,5
2026-08-16,Seattle Mariners @ Houston Astros,Houston Astros,Hunter Brown,5
2026-08-17,St. Louis Cardinals @ Cincinnati Reds (G1),St. Louis Cardinals,Quinn Mathews,7
2026-08-17,St. Louis Cardinals @ Cincinnati Reds (G1),Cincinnati Reds,Kent Emanuel,4
2026-08-17,St. Louis Cardinals @ Cincinnati Reds (G2),St. Louis Cardinals,Andre Pallante,5
2026-08-17,St. Louis Cardinals @ Cincinnati Reds (G2),Cincinnati Reds,Rhett Lowder,5
2026-08-17,Baltimore Orioles @ Tampa Bay Rays,Baltimore Orioles,Brandon Young,3
2026-08-17,Baltimore Orioles @ Tampa Bay Rays,Tampa Bay Rays,Shane McClanahan,3
2026-08-17,Miami Marlins @ Philadelphia Phillies,Miami Marlins,Janson Junk,2
2026-08-17,Miami Marlins @ Philadelphia Phillies,Philadelphia Phillies,Cristopher Sánchez,6
2026-08-17,Detroit Tigers @ Pittsburgh Pirates,Detroit Tigers,Framber Valdez,5
2026-08-17,Detroit Tigers @ Pittsburgh Pirates,Pittsburgh Pirates,Carmen Mlodzinski,3
2026-08-17,Arizona Diamondbacks @ Boston Red Sox,Arizona Diamondbacks,Mitch Bratt,0
2026-08-17,Arizona Diamondbacks @ Boston Red Sox,Boston Red Sox,Alec Gamboa,1
2026-08-17,San Diego Padres @ New York Mets,San Diego Padres,Walker Buehler,4
2026-08-17,San Diego Padres @ New York Mets,New York Mets,Nolan McLean,3
2026-08-17,Athletics @ Kansas City Royals,Athletics,Mason Barnett,2
2026-08-17,Athletics @ Kansas City Royals,Kansas City Royals,Michael Wacha,3
2026-08-17,Atlanta Braves @ Minnesota Twins,Atlanta Braves,Martín Pérez,3
2026-08-17,Atlanta Braves @ Minnesota Twins,Minnesota Twins,Bailey Ober,4
2026-08-17,Chicago White Sox @ Chicago Cubs,Chicago White Sox,Luis Castillo,1
2026-08-17,Chicago White Sox @ Chicago Cubs,Chicago Cubs,Shota Imanaga,10
2026-08-17,Los Angeles Dodgers @ Colorado Rockies,Los Angeles Dodgers,Blake Snell,5
2026-08-17,Los Angeles Dodgers @ Colorado Rockies,Colorado Rockies,Tomoyuki Sugano,3
2026-08-18,New York Yankees @ Baltimore Orioles,New York Yankees,Carlos Rodón,4
2026-08-18,New York Yankees @ Baltimore Orioles,Baltimore Orioles,Shane Baz,10
2026-08-18,Detroit Tigers @ Pittsburgh Pirates,Detroit Tigers,Keider Montero,3
2026-08-18,Detroit Tigers @ Pittsburgh Pirates,Pittsburgh Pirates,Braxton Ashcraft,4
2026-08-18,San Francisco Giants @ Cleveland Guardians,San Francisco Giants,Carson Whisenhunt,1
2026-08-18,San Francisco Giants @ Cleveland Guardians,Cleveland Guardians,Foster Griffin,6
2026-08-18,St. Louis Cardinals @ Cincinnati Reds,St. Louis Cardinals,Kyle Leahy,6
2026-08-18,St. Louis Cardinals @ Cincinnati Reds,Cincinnati Reds,Andrew Abbott,6
2026-08-18,Toronto Blue Jays @ Tampa Bay Rays,Toronto Blue Jays,José Soriano,2
2026-08-18,Toronto Blue Jays @ Tampa Bay Rays,Tampa Bay Rays,Nick Martinez,5
2026-08-18,Miami Marlins @ Philadelphia Phillies,Miami Marlins,Cade Gibson,1
2026-08-18,Miami Marlins @ Philadelphia Phillies,Philadelphia Phillies,Zack Wheeler,7
2026-08-18,Arizona Diamondbacks @ Boston Red Sox,Arizona Diamondbacks,Merrill Kelly,2
2026-08-18,Arizona Diamondbacks @ Boston Red Sox,Boston Red Sox,Ranger Suarez,3
2026-08-18,San Diego Padres @ New York Mets,San Diego Padres,Robbie Ray,4
2026-08-18,San Diego Padres @ New York Mets,New York Mets,Zac Thornton,7
2026-08-18,Athletics @ Kansas City Royals,Athletics,Brady Basso,1
2026-08-18,Athletics @ Kansas City Royals,Kansas City Royals,Daniel Lynch IV,1
2026-08-18,Atlanta Braves @ Minnesota Twins,Atlanta Braves,Tyler Mahle,3
2026-08-18,Atlanta Braves @ Minnesota Twins,Minnesota Twins,Zebby Matthews,4
2026-08-18,Seattle Mariners @ Milwaukee Brewers,Seattle Mariners,Bryce Miller,3
2026-08-18,Seattle Mariners @ Milwaukee Brewers,Milwaukee Brewers,Kyle Harrison,8
2026-08-18,Washington Nationals @ Texas Rangers,Washington Nationals,Jackson Kent,3
2026-08-18,Washington Nationals @ Texas Rangers,Texas Rangers,Cal Quantrill,5
2026-08-18,Chicago White Sox @ Chicago Cubs,Chicago White Sox,Bryan Hudson,1
2026-08-18,Chicago White Sox @ Chicago Cubs,Chicago Cubs,Kevin Gausman,5
2026-08-18,Los Angeles Angels @ Houston Astros,Los Angeles Angels,George Klassen,7
2026-08-18,Los Angeles Angels @ Houston Astros,Houston Astros,Cristian Javier,5
2026-08-18,Los Angeles Dodgers @ Colorado Rockies,Los Angeles Dodgers,Eric Lauer,6
2026-08-18,Los Angeles Dodgers @ Colorado Rockies,Colorado Rockies,Ryan Feltner,3
2026-08-19,Detroit Tigers @ Pittsburgh Pirates,Detroit Tigers,Jackson Jobe,3
2026-08-19,Detroit Tigers @ Pittsburgh Pirates,Pittsburgh Pirates,Paul Skenes,5
2026-08-19,San Diego Padres @ New York Mets,San Diego Padres,Michael King,4
2026-08-19,San Diego Padres @ New York Mets,New York Mets,Robert Stock,6
2026-08-19,Atlanta Braves @ Minnesota Twins,Atlanta Braves,AJ Smith-Shawver,3
2026-08-19,Atlanta Braves @ Minnesota Twins,Minnesota Twins,Taj Bradley,7
2026-08-19,Chicago White Sox @ Chicago Cubs,Chicago White Sox,Sean Newcomb,0
2026-08-19,Chicago White Sox @ Chicago Cubs,Chicago Cubs,Clay Holmes,1
2026-08-19,Arizona Diamondbacks @ Boston Red Sox,Arizona Diamondbacks,Brandon Pfaadt,8
2026-08-19,Arizona Diamondbacks @ Boston Red Sox,Boston Red Sox,Payton Tolle,6
2026-08-19,Miami Marlins @ Philadelphia Phillies,Miami Marlins,Sandy Alcantara,1
2026-08-19,Miami Marlins @ Philadelphia Phillies,Philadelphia Phillies,Aaron Nola,8
2026-08-19,New York Yankees @ Baltimore Orioles,New York Yankees,Will Warren,5
2026-08-19,New York Yankees @ Baltimore Orioles,Baltimore Orioles,Chris Bassitt,6
2026-08-19,San Francisco Giants @ Cleveland Guardians,San Francisco Giants,Matt Wilkinson,0
2026-08-19,San Francisco Giants @ Cleveland Guardians,Cleveland Guardians,Parker Messick,10
2026-08-19,St. Louis Cardinals @ Cincinnati Reds,St. Louis Cardinals,Matthew Liberatore,9
2026-08-19,St. Louis Cardinals @ Cincinnati Reds,Cincinnati Reds,Chase Burns,8
2026-08-19,Toronto Blue Jays @ Tampa Bay Rays,Toronto Blue Jays,Max Scherzer,1
2026-08-19,Toronto Blue Jays @ Tampa Bay Rays,Tampa Bay Rays,Drew Rasmussen,5
2026-08-19,Athletics @ Kansas City Royals,Athletics,Jeffrey Springs,1
2026-08-19,Athletics @ Kansas City Royals,Kansas City Royals,Seth Lugo,3
2026-08-19,Seattle Mariners @ Milwaukee Brewers,Seattle Mariners,Logan Gilbert,5
2026-08-19,Seattle Mariners @ Milwaukee Brewers,Milwaukee Brewers,Dustin May,1
2026-08-19,Washington Nationals @ Texas Rangers,Washington Nationals,Cade Cavalli,11
2026-08-19,Washington Nationals @ Texas Rangers,Texas Rangers,Kumar Rocker,3
2026-08-19,Los Angeles Angels @ Houston Astros,Los Angeles Angels,Walbert Ureña,7
2026-08-19,Los Angeles Angels @ Houston Astros,Houston Astros,Ethan Pecko,4
2026-08-19,Los Angeles Dodgers @ Colorado Rockies,Los Angeles Dodgers,Roki Sasaki,6
2026-08-19,Los Angeles Dodgers @ Colorado Rockies,Colorado Rockies,Kyle Freeland,5
2026-08-20,St. Louis Cardinals @ Cincinnati Reds,St. Louis Cardinals,Michael McGreevy,4
2026-08-20,St. Louis Cardinals @ Cincinnati Reds,Cincinnati Reds,Brady Singer,3
2026-08-20,San Francisco Giants @ Cleveland Guardians,San Francisco Giants,Landen Roupp,2
2026-08-20,San Francisco Giants @ Cleveland Guardians,Cleveland Guardians,Gavin Williams,11
2026-08-20,Toronto Blue Jays @ Tampa Bay Rays,Toronto Blue Jays,Shane Bieber,7
2026-08-20,Toronto Blue Jays @ Tampa Bay Rays,Tampa Bay Rays,Ian Seymour,8
2026-08-20,Athletics @ Kansas City Royals,Athletics,Gage Jump,3
2026-08-20,Athletics @ Kansas City Royals,Kansas City Royals,Randy Dobnak,4
2026-08-20,Atlanta Braves @ Chicago White Sox,Atlanta Braves,Grant Holmes,3
2026-08-20,Atlanta Braves @ Chicago White Sox,Chicago White Sox,Anthony Kay,6
2026-08-20,Seattle Mariners @ Milwaukee Brewers,Seattle Mariners,George Kirby,3
2026-08-20,Seattle Mariners @ Milwaukee Brewers,Milwaukee Brewers,Robert Gasser,4
2026-08-20,New York Yankees @ Baltimore Orioles,New York Yankees,Gerrit Cole,8
2026-08-20,New York Yankees @ Baltimore Orioles,Baltimore Orioles,Kyle Bradish,5
2026-08-20,Washington Nationals @ Texas Rangers,Washington Nationals,Andrew Alvarez,5
2026-08-20,Washington Nationals @ Texas Rangers,Texas Rangers,Jacob deGrom,10
2026-08-20,Los Angeles Angels @ Houston Astros,Los Angeles Angels,Grayson Rodriguez,6
2026-08-20,Los Angeles Angels @ Houston Astros,Houston Astros,Peter Lambert,3
2026-08-21,Atlanta Braves @ Milwaukee Brewers,Atlanta Braves,Chris Sale,6
2026-08-21,Atlanta Braves @ Milwaukee Brewers,Milwaukee Brewers,Jacob Misiorowski,6
2026-08-21,St. Louis Cardinals @ Philadelphia Phillies,St. Louis Cardinals,Hunter Dobbins,3
2026-08-21,St. Louis Cardinals @ Philadelphia Phillies,Philadelphia Phillies,Jesús Luzardo,9
2026-08-21,Toronto Blue Jays @ New York Yankees,Toronto Blue Jays,Mason Fluharty,0
2026-08-21,Toronto Blue Jays @ New York Yankees,New York Yankees,Cam Schlittler,4
2026-08-21,San Francisco Giants @ Boston Red Sox,San Francisco Giants,Logan Webb,2
2026-08-21,San Francisco Giants @ Boston Red Sox,Boston Red Sox,Sonny Gray,6
2026-08-21,Washington Nationals @ Miami Marlins,Washington Nationals,Brad Lord,1
2026-08-21,Washington Nationals @ Miami Marlins,Miami Marlins,Ryan Gusto,2
2026-08-21,Tampa Bay Rays @ Baltimore Orioles,Tampa Bay Rays,Freddy Peralta,6
2026-08-21,Tampa Bay Rays @ Baltimore Orioles,Baltimore Orioles,Trevor Rogers,6
2026-08-21,New York Mets @ Chicago White Sox,New York Mets,Sean Manaea,4
2026-08-21,New York Mets @ Chicago White Sox,Chicago White Sox,Sean Burke,4
2026-08-21,Detroit Tigers @ Kansas City Royals,Detroit Tigers,Troy Melton,3
2026-08-21,Detroit Tigers @ Kansas City Royals,Kansas City Royals,Noah Cameron,2
2026-08-21,Athletics @ Houston Astros,Athletics,J.T. Ginn,4
2026-08-21,Athletics @ Houston Astros,Houston Astros,Hayden Wesneski,4
2026-08-21,Los Angeles Angels @ Texas Rangers,Los Angeles Angels,Reid Detmers,5
2026-08-21,Los Angeles Angels @ Texas Rangers,Texas Rangers,MacKenzie Gore,7
2026-08-21,Cleveland Guardians @ Colorado Rockies,Cleveland Guardians,Joey Cantillo,5
2026-08-21,Cleveland Guardians @ Colorado Rockies,Colorado Rockies,Tanner Gordon,2
2026-08-21,Cincinnati Reds @ Arizona Diamondbacks,Cincinnati Reds,Nick Lodolo,2
2026-08-21,Cincinnati Reds @ Arizona Diamondbacks,Arizona Diamondbacks,Eduardo Rodriguez,4
2026-08-21,Minnesota Twins @ San Diego Padres,Minnesota Twins,Connor Prielipp,7
2026-08-21,Minnesota Twins @ San Diego Padres,San Diego Padres,Randy Vásquez,3
2026-08-21,Pittsburgh Pirates @ Los Angeles Dodgers,Pittsburgh Pirates,Bubba Chandler,6
2026-08-21,Pittsburgh Pirates @ Los Angeles Dodgers,Los Angeles Dodgers,Yoshinobu Yamamoto,9
2026-08-21,Chicago Cubs @ Seattle Mariners,Chicago Cubs,Matthew Boyd,3
2026-08-21,Chicago Cubs @ Seattle Mariners,Seattle Mariners,Emerson Hancock,6
2026-08-22,Toronto Blue Jays @ New York Yankees,Toronto Blue Jays,Dylan Cease,8
2026-08-22,Toronto Blue Jays @ New York Yankees,New York Yankees,Ryan Weathers,3
2026-08-22,Atlanta Braves @ Milwaukee Brewers,Atlanta Braves,Martín Pérez,2
2026-08-22,Atlanta Braves @ Milwaukee Brewers,Milwaukee Brewers,Logan Henderson,4
2026-08-22,Washington Nationals @ Miami Marlins,Washington Nationals,Jake Irvin,4
2026-08-22,Washington Nationals @ Miami Marlins,Miami Marlins,Eury Pérez,4
2026-08-22,St. Louis Cardinals @ Philadelphia Phillies,St. Louis Cardinals,Quinn Mathews,3
2026-08-22,St. Louis Cardinals @ Philadelphia Phillies,Philadelphia Phillies,Andrew Painter,8
2026-08-22,Tampa Bay Rays @ Baltimore Orioles,Tampa Bay Rays,Shane McClanahan,5
2026-08-22,Tampa Bay Rays @ Baltimore Orioles,Baltimore Orioles,Brandon Young,3
2026-08-22,Los Angeles Angels @ Texas Rangers,Los Angeles Angels,Ryan Johnson,3
2026-08-22,Los Angeles Angels @ Texas Rangers,Texas Rangers,Cody Bradford,3
2026-08-22,Athletics @ Houston Astros,Athletics,Jacob Lopez,9
2026-08-22,Athletics @ Houston Astros,Houston Astros,Hunter Brown,4
2026-08-22,New York Mets @ Chicago White Sox,New York Mets,Christian Scott,6
2026-08-22,New York Mets @ Chicago White Sox,Chicago White Sox,Luis Castillo,3
2026-08-22,Detroit Tigers @ Kansas City Royals,Detroit Tigers,Drew Anderson,4
2026-08-22,Detroit Tigers @ Kansas City Royals,Kansas City Royals,Michael Wacha,6
2026-08-22,Pittsburgh Pirates @ Los Angeles Dodgers,Pittsburgh Pirates,Jared Jones,5
2026-08-22,Pittsburgh Pirates @ Los Angeles Dodgers,Los Angeles Dodgers,Tarik Skubal,11
2026-08-22,Chicago Cubs @ Seattle Mariners,Chicago Cubs,David Peterson,8
2026-08-22,Chicago Cubs @ Seattle Mariners,Seattle Mariners,Kade Anderson,5
2026-08-22,San Francisco Giants @ Boston Red Sox,San Francisco Giants,Blade Tidwell,7
2026-08-22,San Francisco Giants @ Boston Red Sox,Boston Red Sox,Patrick Sandoval,6
2026-08-22,Cincinnati Reds @ Arizona Diamondbacks,Cincinnati Reds,Rhett Lowder,1
2026-08-22,Cincinnati Reds @ Arizona Diamondbacks,Arizona Diamondbacks,Michael Soroka,3
2026-08-22,Cleveland Guardians @ Colorado Rockies,Cleveland Guardians,Tanner Bibee,6
2026-08-22,Cleveland Guardians @ Colorado Rockies,Colorado Rockies,Gabriel Hughes,2
2026-08-22,Minnesota Twins @ San Diego Padres,Minnesota Twins,Dean Kremer,5
2026-08-22,Minnesota Twins @ San Diego Padres,San Diego Padres,Casey Mize,0
2026-08-23,Tampa Bay Rays @ Baltimore Orioles,Tampa Bay Rays,Nick Martinez,4
2026-08-23,Tampa Bay Rays @ Baltimore Orioles,Baltimore Orioles,Shane Baz,3
2026-08-23,St. Louis Cardinals @ Philadelphia Phillies,St. Louis Cardinals,Kyle Leahy,4
2026-08-23,St. Louis Cardinals @ Philadelphia Phillies,Philadelphia Phillies,Cristopher Sánchez,7
2026-08-23,Toronto Blue Jays @ New York Yankees,Toronto Blue Jays,José Soriano,7
2026-08-23,Toronto Blue Jays @ New York Yankees,New York Yankees,Carlos Rodón,2
2026-08-23,Washington Nationals @ Miami Marlins,Washington Nationals,Jackson Kent,5
2026-08-23,Washington Nationals @ Miami Marlins,Miami Marlins,Janson Junk,2
2026-08-23,Detroit Tigers @ Kansas City Royals,Detroit Tigers,Jacob Waguespack,1
2026-08-23,Detroit Tigers @ Kansas City Royals,Kansas City Royals,Daniel Lynch IV,2
2026-08-23,Athletics @ Houston Astros,Athletics,Brady Basso,0
2026-08-23,Athletics @ Houston Astros,Houston Astros,Cristian Javier,8
2026-08-23,New York Mets @ Chicago White Sox,New York Mets,Nolan McLean,6
2026-08-23,New York Mets @ Chicago White Sox,Chicago White Sox,Sean Newcomb,3
2026-08-23,Los Angeles Angels @ Texas Rangers,Los Angeles Angels,Yusei Kikuchi,4
2026-08-23,Los Angeles Angels @ Texas Rangers,Texas Rangers,Cal Quantrill,6
2026-08-23,Cleveland Guardians @ Colorado Rockies,Cleveland Guardians,Foster Griffin,4
2026-08-23,Cleveland Guardians @ Colorado Rockies,Colorado Rockies,Tomoyuki Sugano,2
2026-08-23,San Francisco Giants @ Boston Red Sox,San Francisco Giants,Matt Wilkinson,2
2026-08-23,San Francisco Giants @ Boston Red Sox,Boston Red Sox,Jake Bennett,6
2026-08-23,Pittsburgh Pirates @ Los Angeles Dodgers,Pittsburgh Pirates,Lake Bachar,1
2026-08-23,Pittsburgh Pirates @ Los Angeles Dodgers,Los Angeles Dodgers,Blake Snell,6
2026-08-23,Chicago Cubs @ Seattle Mariners,Chicago Cubs,Shota Imanaga,4
2026-08-23,Chicago Cubs @ Seattle Mariners,Seattle Mariners,Bryce Miller,5
2026-08-23,Minnesota Twins @ San Diego Padres,Minnesota Twins,Bailey Ober,3
2026-08-23,Minnesota Twins @ San Diego Padres,San Diego Padres,Walker Buehler,4
2026-08-23,Cincinnati Reds @ Arizona Diamondbacks,Cincinnati Reds,Andrew Abbott,6
2026-08-23,Cincinnati Reds @ Arizona Diamondbacks,Arizona Diamondbacks,Mitch Bratt,3
2026-08-23,Atlanta Braves @ Milwaukee Brewers,Atlanta Braves,Tyler Mahle,4
2026-08-23,Atlanta Braves @ Milwaukee Brewers,Milwaukee Brewers,Shane Drohan,5
2026-08-24,Tampa Bay Rays @ Detroit Tigers,Tampa Bay Rays,Drew Rasmussen,5
2026-08-24,Tampa Bay Rays @ Detroit Tigers,Detroit Tigers,Framber Valdez,0
2026-08-24,Boston Red Sox @ Miami Marlins,Boston Red Sox,Ranger Suarez,4
2026-08-24,Boston Red Sox @ Miami Marlins,Miami Marlins,Sandy Alcantara,6
2026-08-24,Colorado Rockies @ Washington Nationals,Colorado Rockies,Ryan Feltner,6
2026-08-24,Colorado Rockies @ Washington Nationals,Washington Nationals,Cade Cavalli,7
2026-08-24,Texas Rangers @ Chicago White Sox,Texas Rangers,Kumar Rocker,8
2026-08-24,Texas Rangers @ Chicago White Sox,Chicago White Sox,José Urquidy,2
2026-08-24,Cleveland Guardians @ Los Angeles Angels,Cleveland Guardians,Parker Messick,4
2026-08-24,Cleveland Guardians @ Los Angeles Angels,Los Angeles Angels,George Klassen,3
2026-08-24,Chicago Cubs @ Arizona Diamondbacks,Chicago Cubs,Kevin Gausman,6
2026-08-24,Chicago Cubs @ Arizona Diamondbacks,Arizona Diamondbacks,Merrill Kelly,4
2026-08-24,Pittsburgh Pirates @ San Diego Padres,Pittsburgh Pirates,Braxton Ashcraft,2
2026-08-24,Pittsburgh Pirates @ San Diego Padres,San Diego Padres,Robbie Ray,5
2026-08-24,Minnesota Twins @ Athletics,Minnesota Twins,Zebby Matthews,7
2026-08-24,Minnesota Twins @ Athletics,Athletics,Jeffrey Springs,3
2026-08-24,Philadelphia Phillies @ Seattle Mariners,Philadelphia Phillies,Zack Wheeler,4
2026-08-24,Philadelphia Phillies @ Seattle Mariners,Seattle Mariners,Logan Gilbert,5
2026-08-24,Cincinnati Reds @ San Francisco Giants,Cincinnati Reds,Chase Burns,5
2026-08-24,Cincinnati Reds @ San Francisco Giants,San Francisco Giants,Carson Whisenhunt,3
2026-08-25,Tampa Bay Rays @ Detroit Tigers,Tampa Bay Rays,Casey Legumina,2
2026-08-25,Tampa Bay Rays @ Detroit Tigers,Detroit Tigers,Jackson Jobe,4
2026-08-25,Boston Red Sox @ Miami Marlins,Boston Red Sox,Payton Tolle,7
2026-08-25,Boston Red Sox @ Miami Marlins,Miami Marlins,Tyler Phillips,7
2026-08-25,Colorado Rockies @ Washington Nationals,Colorado Rockies,Mason Adams,5
2026-08-25,Colorado Rockies @ Washington Nationals,Washington Nationals,Andrew Alvarez,6
2026-08-25,Houston Astros @ New York Yankees,Houston Astros,Ethan Pecko,1
2026-08-25,Houston Astros @ New York Yankees,New York Yankees,Will Warren,4
2026-08-25,Kansas City Royals @ Toronto Blue Jays,Kansas City Royals,Seth Lugo,5
2026-08-25,Kansas City Royals @ Toronto Blue Jays,Toronto Blue Jays,Max Scherzer,4
2026-08-25,Milwaukee Brewers @ New York Mets,Milwaukee Brewers,Kyle Harrison,5
2026-08-25,Milwaukee Brewers @ New York Mets,New York Mets,Zac Thornton,4
2026-08-25,Los Angeles Dodgers @ Atlanta Braves,Los Angeles Dodgers,Tyler Glasnow,7
2026-08-25,Los Angeles Dodgers @ Atlanta Braves,Atlanta Braves,Bryce Elder,5
2026-08-25,Texas Rangers @ Chicago White Sox,Texas Rangers,Jacob deGrom,2
2026-08-25,Texas Rangers @ Chicago White Sox,Chicago White Sox,Anthony Kay,4
2026-08-25,Baltimore Orioles @ St. Louis Cardinals,Baltimore Orioles,Chris Bassitt,5
2026-08-25,Baltimore Orioles @ St. Louis Cardinals,St. Louis Cardinals,Matthew Liberatore,7
2026-08-25,Cleveland Guardians @ Los Angeles Angels,Cleveland Guardians,Gavin Williams,3
2026-08-25,Cleveland Guardians @ Los Angeles Angels,Los Angeles Angels,Walbert Ureña,3
2026-08-25,Chicago Cubs @ Arizona Diamondbacks,Chicago Cubs,Clay Holmes,5
2026-08-25,Chicago Cubs @ Arizona Diamondbacks,Arizona Diamondbacks,Brandon Pfaadt,3
2026-08-25,Pittsburgh Pirates @ San Diego Padres,Pittsburgh Pirates,Paul Skenes,4
2026-08-25,Pittsburgh Pirates @ San Diego Padres,San Diego Padres,Michael King,7
2026-08-25,Minnesota Twins @ Athletics,Minnesota Twins,Taj Bradley,11
2026-08-25,Minnesota Twins @ Athletics,Athletics,Gage Jump,9
2026-08-25,Philadelphia Phillies @ Seattle Mariners,Philadelphia Phillies,Aaron Nola,7
2026-08-25,Philadelphia Phillies @ Seattle Mariners,Seattle Mariners,George Kirby,9
2026-08-25,Cincinnati Reds @ San Francisco Giants,Cincinnati Reds,Brady Singer,5
2026-08-25,Cincinnati Reds @ San Francisco Giants,San Francisco Giants,Adrian Houser,2
2026-08-05,Toronto Blue Jays @ Houston Astros,Toronto Blue Jays,Jameson Taillon,4
2026-08-05,Toronto Blue Jays @ Houston Astros,Houston Astros,Hunter Brown,8
2026-08-05,Los Angeles Dodgers @ Chicago Cubs,Los Angeles Dodgers,Eric Lauer,1
2026-08-05,Los Angeles Dodgers @ Chicago Cubs,Chicago Cubs,Shota Imanaga,6
2026-08-05,San Francisco Giants @ Texas Rangers,San Francisco Giants,Carson Whisenhunt,4
2026-08-05,San Francisco Giants @ Texas Rangers,Texas Rangers,Cody Bradford,5
2026-08-05,Tampa Bay Rays @ Colorado Rockies,Tampa Bay Rays,Nick Martinez,4
2026-08-05,Tampa Bay Rays @ Colorado Rockies,Colorado Rockies,Tomoyuki Sugano,3
2026-08-05,Los Angeles Angels @ Baltimore Orioles,Los Angeles Angels,Reid Detmers,5
2026-08-05,Los Angeles Angels @ Baltimore Orioles,Baltimore Orioles,Trevor Rogers,9
2026-08-05,New York Mets @ Cleveland Guardians,New York Mets,Christian Scott,7
2026-08-05,New York Mets @ Cleveland Guardians,Cleveland Guardians,Tanner Bibee,10
2026-08-05,Athletics @ Cincinnati Reds,Athletics,Jacob Lopez,9
2026-08-05,Athletics @ Cincinnati Reds,Cincinnati Reds,Rhett Lowder,3
2026-08-05,Washington Nationals @ Philadelphia Phillies,Washington Nationals,Jake Irvin,3
2026-08-05,Washington Nationals @ Philadelphia Phillies,Philadelphia Phillies,Andrew Painter,4
2026-08-05,St. Louis Cardinals @ New York Yankees,St. Louis Cardinals,Andre Pallante,4
2026-08-05,St. Louis Cardinals @ New York Yankees,New York Yankees,Will Warren,5
2026-08-05,Chicago White Sox @ Boston Red Sox,Chicago White Sox,Sean Burke,4
2026-08-05,Chicago White Sox @ Boston Red Sox,Boston Red Sox,Sonny Gray,8
2026-08-05,Miami Marlins @ Atlanta Braves,Miami Marlins,Eury Pérez,9
2026-08-05,Miami Marlins @ Atlanta Braves,Atlanta Braves,Bryce Elder,3
2026-08-05,Minnesota Twins @ Kansas City Royals,Minnesota Twins,Dean Kremer,2
2026-08-05,Minnesota Twins @ Kansas City Royals,Kansas City Royals,Noah Cameron,9
2026-08-05,Pittsburgh Pirates @ Milwaukee Brewers,Pittsburgh Pirates,Paul Skenes,6
2026-08-05,Pittsburgh Pirates @ Milwaukee Brewers,Milwaukee Brewers,Kyle Harrison,10
2026-08-05,San Diego Padres @ Arizona Diamondbacks,San Diego Padres,Casey Mize,1
2026-08-05,San Diego Padres @ Arizona Diamondbacks,Arizona Diamondbacks,Mitch Bratt,9
2026-08-05,Detroit Tigers @ Seattle Mariners,Detroit Tigers,Drew Anderson,0
2026-08-05,Detroit Tigers @ Seattle Mariners,Seattle Mariners,Bryan Woo,5
